"fixtureId","sourceReport","category","variant","mode","expectedTags","predictedTags","requiredAssertions","failedAssertions","failReason","contractPass","signalPass","overallPass","ocrPriorityPass","categorySignalPass","topLabels","scores","ocrPriorityScore","environment","deviceModel","osVersion","visionRevision","elapsedMs","reviewNote"
"synthetic_receipt_clean_fileOnly_001","p09_20260621_222623","receipt","clean","fileOnly","receipt|document","","required:ocrNeeded|forbidden:screenshot|ocrPriorityScore>=0.2|documentScore > foodScore","requiredTags contains ocrNeeded","assertionTooStrict","true","false","false","true","false","document:0.205|screenshot:0.180|printed_page:0.162|receipt:0.063|handwriting:0.010","screenshot:0.000|document:0.395|receipt:0.063|businessCard:0.000|sign:0.000|whiteboard:0.000|building:0.000|construction:0.000|ocrPriority:0.356","0.356","K Phone","iPhone","26.5","2","461.376","Required tag threshold is stricter than the useful OCR priority signal; treat as signal calibration, not engine failure."
"synthetic_receipt_rotated_fileOnly_002","p09_20260621_222623","receipt","rotated","fileOnly","receipt|document","","required:ocrNeeded|forbidden:screenshot|ocrPriorityScore>=0.2|documentScore > foodScore","requiredTags contains ocrNeeded","assertionTooStrict","true","false","false","true","false","document:0.280|printed_page:0.273|screenshot:0.144|receipt:0.115|calendar:0.016","screenshot:0.000|document:0.395|receipt:0.115|businessCard:0.000|sign:0.000|whiteboard:0.000|building:0.000|construction:0.000|ocrPriority:0.356","0.356","K Phone","iPhone","26.5","2","64.016","Required tag threshold is stricter than the useful OCR priority signal; treat as signal calibration, not engine failure."
"synthetic_receipt_blur_fileOnly_003","p09_20260621_222623","receipt","blur","fileOnly","receipt|document","","required:ocrNeeded|forbidden:screenshot|ocrPriorityScore>=0.2|documentScore > foodScore","requiredTags contains ocrNeeded","assertionTooStrict","true","false","false","true","false","document:0.320|printed_page:0.316|screenshot:0.146|receipt:0.029|handwriting:0.019","screenshot:0.000|document:0.395|receipt:0.029|businessCard:0.000|sign:0.000|whiteboard:0.000|building:0.000|construction:0.000|ocrPriority:0.356","0.356","K Phone","iPhone","26.5","2","60.268","Required tag threshold is stricter than the useful OCR priority signal; treat as signal calibration, not engine failure."
"synthetic_receipt_shadow_fileOnly_004","p09_20260621_222623","receipt","shadow","fileOnly","receipt|document","","required:ocrNeeded|forbidden:screenshot|ocrPriorityScore>=0.2|documentScore > foodScore","requiredTags contains ocrNeeded","assertionTooStrict","true","false","false","true","false","document:0.210|screenshot:0.188|printed_page:0.163|receipt:0.021|structure:0.008","screenshot:0.000|document:0.395|receipt:0.021|businessCard:0.000|sign:0.000|whiteboard:0.000|building:0.000|construction:0.000|ocrPriority:0.356","0.356","K Phone","iPhone","26.5","2","57.219","Required tag threshold is stricter than the useful OCR priority signal; treat as signal calibration, not engine failure."
"synthetic_receipt_low_contrast_fileOnly_005","p09_20260621_222623","receipt","low_contrast","fileOnly","receipt|document","","required:ocrNeeded|forbidden:screenshot|ocrPriorityScore>=0.2|documentScore > foodScore","requiredTags contains ocrNeeded","assertionTooStrict","true","false","false","true","false","document:0.221|screenshot:0.202|printed_page:0.146|receipt:0.130|handwriting:0.014","screenshot:0.000|document:0.395|receipt:0.130|businessCard:0.000|sign:0.000|whiteboard:0.000|building:0.000|construction:0.000|ocrPriority:0.356","0.356","K Phone","iPhone","26.5","2","60.803","Required tag threshold is stricter than the useful OCR priority signal; treat as signal calibration, not engine failure."
"synthetic_businessCard_clean_fileOnly_001","p09_20260621_222623","businessCard","clean","fileOnly","businessCard|document","","required:ocrNeeded|forbidden:screenshot|ocrPriorityScore>=0.2|documentScore > landscapeScore","requiredTags contains ocrNeeded","assertionTooStrict","true","false","false","true","false","document:0.318|screenshot:0.277|printed_page:0.256|chart:0.018|diagram:0.018","screenshot:0.000|document:0.395|receipt:0.000|businessCard:0.000|sign:0.000|whiteboard:0.000|building:0.000|construction:0.000|ocrPriority:0.356","0.356","K Phone","iPhone","26.5","2","59.252","Required tag threshold is stricter than the useful OCR priority signal; treat as signal calibration, not engine failure."
"synthetic_businessCard_rotated_fileOnly_002","p09_20260621_222623","businessCard","rotated","fileOnly","businessCard|document","document","required:ocrNeeded|forbidden:screenshot|ocrPriorityScore>=0.2|documentScore > landscapeScore","requiredTags contains ocrNeeded","assertionTooStrict","true","false","false","true","false","document:0.452|screenshot:0.451|printed_page:0.162|chart:0.013|diagram:0.013","screenshot:0.000|document:0.452|receipt:0.000|businessCard:0.000|sign:0.000|whiteboard:0.000|building:0.000|construction:0.000|ocrPriority:0.407","0.407","K Phone","iPhone","26.5","2","142.637","Required tag threshold is stricter than the useful OCR priority signal; treat as signal calibration, not engine failure."
"synthetic_businessCard_blur_fileOnly_003","p09_20260621_222623","businessCard","blur","fileOnly","businessCard|document","","required:ocrNeeded|forbidden:screenshot|ocrPriorityScore>=0.2|documentScore > landscapeScore","requiredTags contains ocrNeeded","assertionTooStrict","true","false","false","true","false","document:0.334|printed_page:0.296|screenshot:0.263|art:0.019|decoration:0.019","screenshot:0.000|document:0.395|receipt:0.000|businessCard:0.000|sign:0.000|whiteboard:0.000|building:0.000|construction:0.000|ocrPriority:0.356","0.356","K Phone","iPhone","26.5","2","48.578","Required tag threshold is stricter than the useful OCR priority signal; treat as signal calibration, not engine failure."
"synthetic_businessCard_shadow_fileOnly_004","p09_20260621_222623","businessCard","shadow","fileOnly","businessCard|document","","required:ocrNeeded|forbidden:screenshot|ocrPriorityScore>=0.2|documentScore > landscapeScore","requiredTags contains ocrNeeded","assertionTooStrict","true","false","false","true","false","document:0.265|printed_page:0.232|screenshot:0.213|structure:0.021|sign:0.021","screenshot:0.000|document:0.395|receipt:0.000|businessCard:0.000|sign:0.021|whiteboard:0.000|building:0.000|construction:0.000|ocrPriority:0.356","0.356","K Phone","iPhone","26.5","2","51.153","Required tag threshold is stricter than the useful OCR priority signal; treat as signal calibration, not engine failure."
"synthetic_businessCard_low_contrast_fileOnly_005","p09_20260621_222623","businessCard","low_contrast","fileOnly","businessCard|document","","required:ocrNeeded|forbidden:screenshot|ocrPriorityScore>=0.2|documentScore > landscapeScore","requiredTags contains ocrNeeded","assertionTooStrict","true","false","false","true","false","document:0.329|screenshot:0.303|printed_page:0.239|structure:0.011|sign:0.011","screenshot:0.000|document:0.395|receipt:0.000|businessCard:0.000|sign:0.011|whiteboard:0.000|building:0.000|construction:0.000|ocrPriority:0.356","0.356","K Phone","iPhone","26.5","2","55.115","Required tag threshold is stricter than the useful OCR priority signal; treat as signal calibration, not engine failure."
"synthetic_document_clean_fileOnly_001","p09_20260621_222623","document","clean","fileOnly","document","","required:ocrNeeded|forbidden:screenshot|documentVisualScore>=0.2|documentScore > foodScore","requiredTags contains ocrNeeded","assertionTooStrict","true","false","false","true","false","document:0.349|printed_page:0.344|screenshot:0.169|handwriting:0.015|chart:0.009","screenshot:0.000|document:0.395|receipt:0.000|businessCard:0.000|sign:0.000|whiteboard:0.000|building:0.000|construction:0.000|ocrPriority:0.356","0.356","K Phone","iPhone","26.5","2","55.493","Required tag threshold is stricter than the useful OCR priority signal; treat as signal calibration, not engine failure."
"synthetic_document_rotated_fileOnly_002","p09_20260621_222623","document","rotated","fileOnly","document","","required:ocrNeeded|forbidden:screenshot|documentVisualScore>=0.2|documentScore > foodScore","requiredTags contains ocrNeeded","assertionTooStrict","true","false","false","true","false","document:0.438|printed_page:0.437|screenshot:0.108|handwriting:0.041|art:0.012","screenshot:0.000|document:0.438|receipt:0.000|businessCard:0.000|sign:0.000|whiteboard:0.000|building:0.000|construction:0.000|ocrPriority:0.394","0.394","K Phone","iPhone","26.5","2","56.813","Required tag threshold is stricter than the useful OCR priority signal; treat as signal calibration, not engine failure."
"synthetic_document_blur_fileOnly_003","p09_20260621_222623","document","blur","fileOnly","document","","required:ocrNeeded|forbidden:screenshot|documentVisualScore>=0.2|documentScore > foodScore","requiredTags contains ocrNeeded","assertionTooStrict","true","false","false","true","false","document:0.395|printed_page:0.394|screenshot:0.143|handwriting:0.016|art:0.014","screenshot:0.000|document:0.395|receipt:0.000|businessCard:0.000|sign:0.000|whiteboard:0.000|building:0.000|construction:0.000|ocrPriority:0.356","0.356","K Phone","iPhone","26.5","2","56.050","Required tag threshold is stricter than the useful OCR priority signal; treat as signal calibration, not engine failure."
"synthetic_document_shadow_fileOnly_004","p09_20260621_222623","document","shadow","fileOnly","document","","required:ocrNeeded|forbidden:screenshot|documentVisualScore>=0.2|documentScore > foodScore","requiredTags contains ocrNeeded","assertionTooStrict","true","false","false","true","false","document:0.329|printed_page:0.324|screenshot:0.159|handwriting:0.013|chart:0.012","screenshot:0.000|document:0.395|receipt:0.000|businessCard:0.000|sign:0.000|whiteboard:0.000|building:0.000|construction:0.000|ocrPriority:0.356","0.356","K Phone","iPhone","26.5","2","59.747","Required tag threshold is stricter than the useful OCR priority signal; treat as signal calibration, not engine failure."
"synthetic_document_low_contrast_fileOnly_005","p09_20260621_222623","document","low_contrast","fileOnly","document","","required:ocrNeeded|forbidden:screenshot|documentVisualScore>=0.2|documentScore > foodScore","requiredTags contains ocrNeeded","assertionTooStrict","true","false","false","true","false","document:0.317|screenshot:0.277|printed_page:0.254|handwriting:0.013|calendar:0.006","screenshot:0.000|document:0.395|receipt:0.000|businessCard:0.000|sign:0.000|whiteboard:0.000|building:0.000|construction:0.000|ocrPriority:0.356","0.356","K Phone","iPhone","26.5","2","60.104","Required tag threshold is stricter than the useful OCR priority signal; treat as signal calibration, not engine failure."
"synthetic_drawing_clean_fileOnly_001","p09_20260621_222623","drawing","clean","fileOnly","document|ocrNeeded","","required:ocrNeeded|forbidden:screenshot|documentVisualScore>=0.2|documentScore > foodScore","requiredTags contains ocrNeeded","assertionTooStrict","true","false","false","true","false","document:0.131|printed_page:0.131|art:0.096|illustrations:0.094|decoration:0.048","screenshot:0.000|document:0.395|receipt:0.000|businessCard:0.000|sign:0.000|whiteboard:0.000|building:0.000|construction:0.000|ocrPriority:0.356","0.356","K Phone","iPhone","26.5","2","51.585","Required tag threshold is stricter than the useful OCR priority signal; treat as signal calibration, not engine failure."
"synthetic_drawing_rotated_fileOnly_002","p09_20260621_222623","drawing","rotated","fileOnly","document|ocrNeeded","","required:ocrNeeded|forbidden:screenshot|documentVisualScore>=0.2|documentScore > foodScore","requiredTags contains ocrNeeded","assertionTooStrict","true","false","false","true","false","document:0.182|printed_page:0.182|art:0.121|illustrations:0.121|chart:0.029","screenshot:0.000|document:0.395|receipt:0.000|businessCard:0.000|sign:0.000|whiteboard:0.000|building:0.000|construction:0.000|ocrPriority:0.356","0.356","K Phone","iPhone","26.5","2","71.313","Required tag threshold is stricter than the useful OCR priority signal; treat as signal calibration, not engine failure."
"synthetic_drawing_blur_fileOnly_003","p09_20260621_222623","drawing","blur","fileOnly","document|ocrNeeded","","required:ocrNeeded|forbidden:screenshot|documentVisualScore>=0.2|documentScore > foodScore","requiredTags contains ocrNeeded","assertionTooStrict","true","false","false","true","false","document:0.219|printed_page:0.219|art:0.173|illustrations:0.171|decoration:0.073","screenshot:0.000|document:0.395|receipt:0.000|businessCard:0.000|sign:0.000|whiteboard:0.000|building:0.000|construction:0.000|ocrPriority:0.356","0.356","K Phone","iPhone","26.5","2","53.797","Required tag threshold is stricter than the useful OCR priority signal; treat as signal calibration, not engine failure."
"synthetic_drawing_shadow_fileOnly_004","p09_20260621_222623","drawing","shadow","fileOnly","document|ocrNeeded","","required:ocrNeeded|forbidden:screenshot|documentVisualScore>=0.2|documentScore > foodScore","requiredTags contains ocrNeeded","assertionTooStrict","true","false","false","true","false","document:0.096|printed_page:0.096|art:0.086|illustrations:0.080|decoration:0.059","screenshot:0.000|document:0.395|receipt:0.000|businessCard:0.000|sign:0.000|whiteboard:0.000|building:0.000|construction:0.000|ocrPriority:0.356","0.356","K Phone","iPhone","26.5","2","61.428","Required tag threshold is stricter than the useful OCR priority signal; treat as signal calibration, not engine failure."
"synthetic_drawing_low_contrast_fileOnly_005","p09_20260621_222623","drawing","low_contrast","fileOnly","document|ocrNeeded","","required:ocrNeeded|forbidden:screenshot|documentVisualScore>=0.2|documentScore > foodScore","requiredTags contains ocrNeeded","assertionTooStrict","true","false","false","true","false","document:0.090|printed_page:0.090|art:0.082|illustrations:0.079|decoration:0.051","screenshot:0.000|document:0.395|receipt:0.000|businessCard:0.000|sign:0.000|whiteboard:0.000|building:0.000|construction:0.000|ocrPriority:0.356","0.356","K Phone","iPhone","26.5","2","58.179","Required tag threshold is stricter than the useful OCR priority signal; treat as signal calibration, not engine failure."
"synthetic_sign_clean_fileOnly_001","p09_20260621_222623","sign","clean","fileOnly","sign|ocrNeeded","","required:ocrNeeded|forbidden:screenshot|ocrPriorityScore>=0.2","requiredTags contains ocrNeeded","assertionTooStrict","true","false","false","true","false","document:0.239|screenshot:0.231|printed_page:0.142|structure:0.024|sign:0.024","screenshot:0.000|document:0.239|receipt:0.000|businessCard:0.000|sign:0.024|whiteboard:0.000|building:0.000|construction:0.000|ocrPriority:0.215","0.215","K Phone","iPhone","26.5","2","57.972","Required tag threshold is stricter than the useful OCR priority signal; treat as signal calibration, not engine failure."
"synthetic_sign_rotated_fileOnly_002","p09_20260621_222623","sign","rotated","fileOnly","sign|ocrNeeded","","required:ocrNeeded|forbidden:screenshot|ocrPriorityScore>=0.2","requiredTags contains ocrNeeded|ocrPriorityScore >= 0.2","scoreBelowThreshold","true","false","false","false","false","document:0.167|printed_page:0.149|screenshot:0.129|structure:0.051|sign:0.051","screenshot:0.000|document:0.193|receipt:0.000|businessCard:0.000|sign:0.051|whiteboard:0.000|building:0.000|construction:0.000|ocrPriority:0.173","0.173","K Phone","iPhone","26.5","2","69.266","Observed score stayed below the semantic threshold; consider threshold calibration after real holdout data."
"synthetic_sign_blur_fileOnly_003","p09_20260621_222623","sign","blur","fileOnly","sign|ocrNeeded","","required:ocrNeeded|forbidden:screenshot|ocrPriorityScore>=0.2","requiredTags contains ocrNeeded|ocrPriorityScore >= 0.2","scoreBelowThreshold","true","false","false","false","false","document:0.174|printed_page:0.170|sticky_note:0.080|screenshot:0.079|structure:0.026","screenshot:0.000|document:0.193|receipt:0.000|businessCard:0.000|sign:0.000|whiteboard:0.000|building:0.000|construction:0.000|ocrPriority:0.173","0.173","K Phone","iPhone","26.5","2","42.038","Observed score stayed below the semantic threshold; consider threshold calibration after real holdout data."
"synthetic_sign_shadow_fileOnly_004","p09_20260621_222623","sign","shadow","fileOnly","sign|ocrNeeded","","required:ocrNeeded|forbidden:screenshot|ocrPriorityScore>=0.2","requiredTags contains ocrNeeded","assertionTooStrict","true","false","false","true","false","document:0.239|screenshot:0.231|printed_page:0.142|structure:0.024|sign:0.024","screenshot:0.000|document:0.239|receipt:0.000|businessCard:0.000|sign:0.024|whiteboard:0.000|building:0.000|construction:0.000|ocrPriority:0.215","0.215","K Phone","iPhone","26.5","2","59.882","Required tag threshold is stricter than the useful OCR priority signal; treat as signal calibration, not engine failure."
"synthetic_sign_low_contrast_fileOnly_005","p09_20260621_222623","sign","low_contrast","fileOnly","sign|ocrNeeded","","required:ocrNeeded|forbidden:screenshot|ocrPriorityScore>=0.2","requiredTags contains ocrNeeded","assertionTooStrict","true","false","false","true","false","document:0.256|screenshot:0.251|printed_page:0.135|outdoor:0.019|sky:0.019","screenshot:0.000|document:0.256|receipt:0.000|businessCard:0.000|sign:0.000|whiteboard:0.000|building:0.000|construction:0.000|ocrPriority:0.231","0.231","K Phone","iPhone","26.5","2","60.401","Required tag threshold is stricter than the useful OCR priority signal; treat as signal calibration, not engine failure."
"synthetic_whiteboard_clean_fileOnly_001","p09_20260621_222623","whiteboard","clean","fileOnly","whiteboard|ocrNeeded","","required:ocrNeeded|forbidden:screenshot|ocrPriorityScore>=0.2","requiredTags contains ocrNeeded","assertionTooStrict","true","false","false","true","false","document:0.116|printed_page:0.107|chart:0.080|diagram:0.080|art:0.043","screenshot:0.000|document:0.395|receipt:0.000|businessCard:0.000|sign:0.000|whiteboard:0.000|building:0.000|construction:0.000|ocrPriority:0.356","0.356","K Phone","iPhone","26.5","2","58.009","Required tag threshold is stricter than the useful OCR priority signal; treat as signal calibration, not engine failure."
"synthetic_whiteboard_rotated_fileOnly_002","p09_20260621_222623","whiteboard","rotated","fileOnly","whiteboard|ocrNeeded","","required:ocrNeeded|forbidden:screenshot|ocrPriorityScore>=0.2","requiredTags contains ocrNeeded","assertionTooStrict","true","false","false","true","false","document:0.196|printed_page:0.195|art:0.089|illustrations:0.089|chart:0.054","screenshot:0.000|document:0.395|receipt:0.000|businessCard:0.000|sign:0.000|whiteboard:0.000|building:0.000|construction:0.000|ocrPriority:0.356","0.356","K Phone","iPhone","26.5","2","60.474","Required tag threshold is stricter than the useful OCR priority signal; treat as signal calibration, not engine failure."
"synthetic_whiteboard_blur_fileOnly_003","p09_20260621_222623","whiteboard","blur","fileOnly","whiteboard|ocrNeeded","","required:ocrNeeded|forbidden:screenshot|ocrPriorityScore>=0.2","requiredTags contains ocrNeeded","assertionTooStrict","true","false","false","true","false","document:0.202|printed_page:0.201|art:0.109|illustrations:0.109|chart:0.053","screenshot:0.000|document:0.395|receipt:0.000|businessCard:0.000|sign:0.000|whiteboard:0.000|building:0.000|construction:0.000|ocrPriority:0.356","0.356","K Phone","iPhone","26.5","2","56.459","Required tag threshold is stricter than the useful OCR priority signal; treat as signal calibration, not engine failure."
"synthetic_whiteboard_shadow_fileOnly_004","p09_20260621_222623","whiteboard","shadow","fileOnly","whiteboard|ocrNeeded","","required:ocrNeeded|forbidden:screenshot|ocrPriorityScore>=0.2","requiredTags contains ocrNeeded","assertionTooStrict","true","false","false","true","false","document:0.124|printed_page:0.113|chart:0.086|diagram:0.086|screenshot:0.053","screenshot:0.000|document:0.395|receipt:0.000|businessCard:0.000|sign:0.000|whiteboard:0.000|building:0.000|construction:0.000|ocrPriority:0.356","0.356","K Phone","iPhone","26.5","2","56.323","Required tag threshold is stricter than the useful OCR priority signal; treat as signal calibration, not engine failure."
"synthetic_whiteboard_low_contrast_fileOnly_005","p09_20260621_222623","whiteboard","low_contrast","fileOnly","whiteboard|ocrNeeded","","required:ocrNeeded|forbidden:screenshot|ocrPriorityScore>=0.2","requiredTags contains ocrNeeded","assertionTooStrict","true","false","false","true","false","document:0.166|printed_page:0.164|chart:0.073|diagram:0.073|art:0.059","screenshot:0.000|document:0.395|receipt:0.000|businessCard:0.000|sign:0.000|whiteboard:0.000|building:0.000|construction:0.000|ocrPriority:0.356","0.356","K Phone","iPhone","26.5","2","65.221","Required tag threshold is stricter than the useful OCR priority signal; treat as signal calibration, not engine failure."
"synthetic_chatScreenshot_clean_metadataAware_001","p09_20260621_222623","chatScreenshot","clean","metadataAware","screenshot|ocrNeeded","screenshot|ocrNeeded","required:screenshot|required:ocrNeeded|forbidden:receipt|ocrPriorityScore>=0.8|screenshotScore > documentScore","","pass","true","true","true","true","true","","screenshot:1.000|document:0.000|receipt:0.000|businessCard:0.000|sign:0.000|whiteboard:0.000|building:0.000|construction:0.000|ocrPriority:0.850","0.850","K Phone","iPhone","26.5","0","0.032","No P0.10 action required."
"synthetic_chatScreenshot_clean_imageOnly_001","p09_20260621_222623","chatScreenshot","clean","imageOnly","screenshot|ocrNeeded","document|ocrNeeded","required:ocrNeeded|forbidden:receipt|ocrPriorityScore>=0.2","","pass","true","true","true","true","false","document:0.916|screenshot:0.916|printed_page:0.001|people:0.001|adult:0.001","screenshot:0.000|document:0.916|receipt:0.000|businessCard:0.000|sign:0.000|whiteboard:0.000|building:0.000|construction:0.000|ocrPriority:0.824","0.824","K Phone","iPhone","26.5","2","53.887","No P0.10 action required."
"synthetic_chatScreenshot_rotated_metadataAware_002","p09_20260621_222623","chatScreenshot","rotated","metadataAware","screenshot|ocrNeeded","screenshot|ocrNeeded","required:screenshot|required:ocrNeeded|forbidden:receipt|ocrPriorityScore>=0.8|screenshotScore > documentScore","","pass","true","true","true","true","true","","screenshot:1.000|document:0.000|receipt:0.000|businessCard:0.000|sign:0.000|whiteboard:0.000|building:0.000|construction:0.000|ocrPriority:0.850","0.850","K Phone","iPhone","26.5","0","0.032","No P0.10 action required."
"synthetic_chatScreenshot_rotated_imageOnly_002","p09_20260621_222623","chatScreenshot","rotated","imageOnly","screenshot|ocrNeeded","document|ocrNeeded","required:ocrNeeded|forbidden:receipt|ocrPriorityScore>=0.2","","pass","true","true","true","false","false","document:0.854|screenshot:0.854|printed_page:0.003|people:0.002|adult:0.002","screenshot:0.000|document:0.854|receipt:0.000|businessCard:0.000|sign:0.000|whiteboard:0.000|building:0.000|construction:0.000|ocrPriority:0.769","0.769","K Phone","iPhone","26.5","2","63.157","No P0.10 action required."
"synthetic_chatScreenshot_blur_metadataAware_003","p09_20260621_222623","chatScreenshot","blur","metadataAware","screenshot|ocrNeeded","screenshot|ocrNeeded","required:screenshot|required:ocrNeeded|forbidden:receipt|ocrPriorityScore>=0.8|screenshotScore > documentScore","","pass","true","true","true","true","true","","screenshot:1.000|document:0.000|receipt:0.000|businessCard:0.000|sign:0.000|whiteboard:0.000|building:0.000|construction:0.000|ocrPriority:0.850","0.850","K Phone","iPhone","26.5","0","0.032","No P0.10 action required."
"synthetic_chatScreenshot_blur_imageOnly_003","p09_20260621_222623","chatScreenshot","blur","imageOnly","screenshot|ocrNeeded","document|ocrNeeded","required:ocrNeeded|forbidden:receipt|ocrPriorityScore>=0.2","","pass","true","true","true","false","false","document:0.881|screenshot:0.881|printed_page:0.004|handwriting:0.001|structure:0.001","screenshot:0.000|document:0.881|receipt:0.000|businessCard:0.000|sign:0.000|whiteboard:0.000|building:0.000|construction:0.000|ocrPriority:0.793","0.793","K Phone","iPhone","26.5","2","52.676","No P0.10 action required."
"synthetic_chatScreenshot_shadow_metadataAware_004","p09_20260621_222623","chatScreenshot","shadow","metadataAware","screenshot|ocrNeeded","screenshot|ocrNeeded","required:screenshot|required:ocrNeeded|forbidden:receipt|ocrPriorityScore>=0.8|screenshotScore > documentScore","","pass","true","true","true","true","true","","screenshot:1.000|document:0.000|receipt:0.000|businessCard:0.000|sign:0.000|whiteboard:0.000|building:0.000|construction:0.000|ocrPriority:0.850","0.850","K Phone","iPhone","26.5","0","0.032","No P0.10 action required."
"synthetic_chatScreenshot_shadow_imageOnly_004","p09_20260621_222623","chatScreenshot","shadow","imageOnly","screenshot|ocrNeeded","document|ocrNeeded","required:ocrNeeded|forbidden:receipt|ocrPriorityScore>=0.2","","pass","true","true","true","true","false","document:0.916|screenshot:0.916|printed_page:0.001|people:0.001|adult:0.001","screenshot:0.000|document:0.916|receipt:0.000|businessCard:0.000|sign:0.000|whiteboard:0.000|building:0.000|construction:0.000|ocrPriority:0.824","0.824","K Phone","iPhone","26.5","2","60.684","No P0.10 action required."
"synthetic_chatScreenshot_low_contrast_metadataAware_005","p09_20260621_222623","chatScreenshot","low_contrast","metadataAware","screenshot|ocrNeeded","screenshot|ocrNeeded","required:screenshot|required:ocrNeeded|forbidden:receipt|ocrPriorityScore>=0.8|screenshotScore > documentScore","","pass","true","true","true","true","true","","screenshot:1.000|document:0.000|receipt:0.000|businessCard:0.000|sign:0.000|whiteboard:0.000|building:0.000|construction:0.000|ocrPriority:0.850","0.850","K Phone","iPhone","26.5","0","0.032","No P0.10 action required."
"synthetic_chatScreenshot_low_contrast_imageOnly_005","p09_20260621_222623","chatScreenshot","low_contrast","imageOnly","screenshot|ocrNeeded","document|ocrNeeded","required:ocrNeeded|forbidden:receipt|ocrPriorityScore>=0.2","","pass","true","true","true","true","false","document:0.914|screenshot:0.914|people:0.001|adult:0.001|printed_page:0.001","screenshot:0.000|document:0.914|receipt:0.000|businessCard:0.000|sign:0.000|whiteboard:0.000|building:0.000|construction:0.000|ocrPriority:0.823","0.823","K Phone","iPhone","26.5","2","58.166","No P0.10 action required."
"synthetic_appScreenshot_clean_metadataAware_001","p09_20260621_222623","appScreenshot","clean","metadataAware","screenshot|ocrNeeded","screenshot|ocrNeeded","required:screenshot|required:ocrNeeded|forbidden:receipt|ocrPriorityScore>=0.8|screenshotScore > documentScore","","pass","true","true","true","true","true","","screenshot:1.000|document:0.000|receipt:0.000|businessCard:0.000|sign:0.000|whiteboard:0.000|building:0.000|construction:0.000|ocrPriority:0.850","0.850","K Phone","iPhone","26.5","0","0.032","No P0.10 action required."
"synthetic_appScreenshot_clean_imageOnly_001","p09_20260621_222623","appScreenshot","clean","imageOnly","screenshot|ocrNeeded","document","required:ocrNeeded|forbidden:receipt|ocrPriorityScore>=0.2","requiredTags contains ocrNeeded","assertionTooStrict","true","false","false","false","false","document:0.671|screenshot:0.671|chart:0.031|diagram:0.031|printed_page:0.026","screenshot:0.000|document:0.671|receipt:0.000|businessCard:0.000|sign:0.000|whiteboard:0.000|building:0.000|construction:0.000|ocrPriority:0.604","0.604","K Phone","iPhone","26.5","2","60.615","Required tag threshold is stricter than the useful OCR priority signal; treat as signal calibration, not engine failure."
"synthetic_appScreenshot_rotated_metadataAware_002","p09_20260621_222623","appScreenshot","rotated","metadataAware","screenshot|ocrNeeded","screenshot|ocrNeeded","required:screenshot|required:ocrNeeded|forbidden:receipt|ocrPriorityScore>=0.8|screenshotScore > documentScore","","pass","true","true","true","true","true","","screenshot:1.000|document:0.000|receipt:0.000|businessCard:0.000|sign:0.000|whiteboard:0.000|building:0.000|construction:0.000|ocrPriority:0.850","0.850","K Phone","iPhone","26.5","0","0.031","No P0.10 action required."
"synthetic_appScreenshot_rotated_imageOnly_002","p09_20260621_222623","appScreenshot","rotated","imageOnly","screenshot|ocrNeeded","document","required:ocrNeeded|forbidden:receipt|ocrPriorityScore>=0.2","requiredTags contains ocrNeeded","assertionTooStrict","true","false","false","false","false","document:0.624|screenshot:0.624|printed_page:0.038|handwriting:0.022|chart:0.020","screenshot:0.000|document:0.624|receipt:0.000|businessCard:0.000|sign:0.000|whiteboard:0.000|building:0.000|construction:0.000|ocrPriority:0.562","0.562","K Phone","iPhone","26.5","2","63.227","Required tag threshold is stricter than the useful OCR priority signal; treat as signal calibration, not engine failure."
"synthetic_appScreenshot_blur_metadataAware_003","p09_20260621_222623","appScreenshot","blur","metadataAware","screenshot|ocrNeeded","screenshot|ocrNeeded","required:screenshot|required:ocrNeeded|forbidden:receipt|ocrPriorityScore>=0.8|screenshotScore > documentScore","","pass","true","true","true","true","true","","screenshot:1.000|document:0.000|receipt:0.000|businessCard:0.000|sign:0.000|whiteboard:0.000|building:0.000|construction:0.000|ocrPriority:0.850","0.850","K Phone","iPhone","26.5","0","0.033","No P0.10 action required."
"synthetic_appScreenshot_blur_imageOnly_003","p09_20260621_222623","appScreenshot","blur","imageOnly","screenshot|ocrNeeded","document","required:ocrNeeded|forbidden:receipt|ocrPriorityScore>=0.2","requiredTags contains ocrNeeded","assertionTooStrict","true","false","false","false","false","document:0.551|screenshot:0.551|printed_page:0.064|handwriting:0.035|chart:0.020","screenshot:0.000|document:0.551|receipt:0.000|businessCard:0.000|sign:0.000|whiteboard:0.000|building:0.000|construction:0.000|ocrPriority:0.496","0.496","K Phone","iPhone","26.5","2","53.265","Required tag threshold is stricter than the useful OCR priority signal; treat as signal calibration, not engine failure."
"synthetic_appScreenshot_shadow_metadataAware_004","p09_20260621_222623","appScreenshot","shadow","metadataAware","screenshot|ocrNeeded","screenshot|ocrNeeded","required:screenshot|required:ocrNeeded|forbidden:receipt|ocrPriorityScore>=0.8|screenshotScore > documentScore","","pass","true","true","true","true","true","","screenshot:1.000|document:0.000|receipt:0.000|businessCard:0.000|sign:0.000|whiteboard:0.000|building:0.000|construction:0.000|ocrPriority:0.850","0.850","K Phone","iPhone","26.5","0","0.032","No P0.10 action required."
"synthetic_appScreenshot_shadow_imageOnly_004","p09_20260621_222623","appScreenshot","shadow","imageOnly","screenshot|ocrNeeded","document","required:ocrNeeded|forbidden:receipt|ocrPriorityScore>=0.2","requiredTags contains ocrNeeded","assertionTooStrict","true","false","false","false","false","document:0.671|screenshot:0.671|chart:0.031|diagram:0.031|printed_page:0.026","screenshot:0.000|document:0.671|receipt:0.000|businessCard:0.000|sign:0.000|whiteboard:0.000|building:0.000|construction:0.000|ocrPriority:0.604","0.604","K Phone","iPhone","26.5","2","57.834","Required tag threshold is stricter than the useful OCR priority signal; treat as signal calibration, not engine failure."
"synthetic_appScreenshot_low_contrast_metadataAware_005","p09_20260621_222623","appScreenshot","low_contrast","metadataAware","screenshot|ocrNeeded","screenshot|ocrNeeded","required:screenshot|required:ocrNeeded|forbidden:receipt|ocrPriorityScore>=0.8|screenshotScore > documentScore","","pass","true","true","true","true","true","","screenshot:1.000|document:0.000|receipt:0.000|businessCard:0.000|sign:0.000|whiteboard:0.000|building:0.000|construction:0.000|ocrPriority:0.850","0.850","K Phone","iPhone","26.5","0","0.034","No P0.10 action required."
"synthetic_appScreenshot_low_contrast_imageOnly_005","p09_20260621_222623","appScreenshot","low_contrast","imageOnly","screenshot|ocrNeeded","document","required:ocrNeeded|forbidden:receipt|ocrPriorityScore>=0.2","requiredTags contains ocrNeeded","assertionTooStrict","true","false","false","false","false","document:0.711|screenshot:0.711|chart:0.028|diagram:0.028|printed_page:0.019","screenshot:0.000|document:0.711|receipt:0.000|businessCard:0.000|sign:0.000|whiteboard:0.000|building:0.000|construction:0.000|ocrPriority:0.640","0.640","K Phone","iPhone","26.5","2","59.093","Required tag threshold is stricter than the useful OCR priority signal; treat as signal calibration, not engine failure."
"synthetic_buildingLike_clean_fileOnly_001","p09_20260621_222623","buildingLike","clean","fileOnly","buildingLike","","forbidden:screenshot","","pass","true","true","true","n/a","false","document:0.138|sticky_note:0.136|calendar:0.073|printed_page:0.029|outdoor:0.026","screenshot:0.000|document:0.193|receipt:0.000|businessCard:0.000|sign:0.000|whiteboard:0.000|building:0.000|construction:0.000|ocrPriority:0.173","0.173","K Phone","iPhone","26.5","2","63.837","No P0.10 action required."
"synthetic_buildingLike_rotated_fileOnly_002","p09_20260621_222623","buildingLike","rotated","fileOnly","buildingLike","","forbidden:screenshot","","pass","true","true","true","n/a","false","document:0.088|calendar:0.077|machine:0.067|computer:0.067|consumer_electronics:0.067","screenshot:0.000|document:0.193|receipt:0.000|businessCard:0.000|sign:0.000|whiteboard:0.000|building:0.000|construction:0.000|ocrPriority:0.173","0.173","K Phone","iPhone","26.5","2","68.539","No P0.10 action required."
"synthetic_buildingLike_blur_fileOnly_003","p09_20260621_222623","buildingLike","blur","fileOnly","buildingLike","","forbidden:screenshot","","pass","true","true","true","n/a","false","document:0.095|sticky_note:0.093|calendar:0.051|printed_page:0.017|machine:0.016","screenshot:0.000|document:0.193|receipt:0.000|businessCard:0.000|sign:0.000|whiteboard:0.000|building:0.000|construction:0.000|ocrPriority:0.173","0.173","K Phone","iPhone","26.5","2","52.459","No P0.10 action required."
"synthetic_constructionLike_clean_fileOnly_001","p09_20260621_222623","constructionLike","clean","fileOnly","constructionLike","","forbidden:screenshot","","pass","true","true","true","n/a","false","document:0.087|sticky_note:0.074|chart:0.066|diagram:0.066|printed_page:0.048","screenshot:0.000|document:0.193|receipt:0.000|businessCard:0.000|sign:0.000|whiteboard:0.000|building:0.000|construction:0.000|ocrPriority:0.173","0.173","K Phone","iPhone","26.5","2","63.618","No P0.10 action required."
"synthetic_constructionLike_rotated_fileOnly_002","p09_20260621_222623","constructionLike","rotated","fileOnly","constructionLike","","forbidden:screenshot","","pass","true","true","true","n/a","false","document:0.090|chart:0.082|diagram:0.082|printed_page:0.064|sticky_note:0.047","screenshot:0.000|document:0.193|receipt:0.000|businessCard:0.000|sign:0.000|whiteboard:0.000|building:0.000|construction:0.000|ocrPriority:0.173","0.173","K Phone","iPhone","26.5","2","58.973","No P0.10 action required."
"synthetic_constructionLike_blur_fileOnly_003","p09_20260621_222623","constructionLike","blur","fileOnly","constructionLike","","forbidden:screenshot","","pass","true","true","true","n/a","false","document:0.118|printed_page:0.107|chart:0.086|diagram:0.086|sticky_note:0.057","screenshot:0.000|document:0.193|receipt:0.000|businessCard:0.000|sign:0.000|whiteboard:0.000|building:0.000|construction:0.000|ocrPriority:0.173","0.173","K Phone","iPhone","26.5","2","56.698","No P0.10 action required."
"synthetic_receipt_clean_fileOnly_001","p09_20260621_223000","receipt","clean","fileOnly","receipt|document","","required:ocrNeeded|forbidden:screenshot|ocrPriorityScore>=0.2|documentScore > foodScore","requiredTags contains ocrNeeded|ocrPriorityScore >= 0.2","espressoContextError","false","false","false","false","false","","screenshot:0.000|document:0.113|receipt:0.000|businessCard:0.000|sign:0.000|whiteboard:0.000|building:0.000|construction:0.000|ocrPriority:0.101","0.101","Simulator","iPhone","26.3.1","0","324.868","Simulator Vision runtime failed; use K Phone as the primary benchmark environment."
"synthetic_receipt_rotated_fileOnly_002","p09_20260621_223000","receipt","rotated","fileOnly","receipt|document","","required:ocrNeeded|forbidden:screenshot|ocrPriorityScore>=0.2|documentScore > foodScore","requiredTags contains ocrNeeded|ocrPriorityScore >= 0.2","espressoContextError","false","false","false","false","false","","screenshot:0.000|document:0.113|receipt:0.000|businessCard:0.000|sign:0.000|whiteboard:0.000|building:0.000|construction:0.000|ocrPriority:0.101","0.101","Simulator","iPhone","26.3.1","0","60.987","Simulator Vision runtime failed; use K Phone as the primary benchmark environment."
"synthetic_receipt_blur_fileOnly_003","p09_20260621_223000","receipt","blur","fileOnly","receipt|document","","required:ocrNeeded|forbidden:screenshot|ocrPriorityScore>=0.2|documentScore > foodScore","requiredTags contains ocrNeeded|ocrPriorityScore >= 0.2","espressoContextError","false","false","false","false","false","","screenshot:0.000|document:0.113|receipt:0.000|businessCard:0.000|sign:0.000|whiteboard:0.000|building:0.000|construction:0.000|ocrPriority:0.101","0.101","Simulator","iPhone","26.3.1","0","50.969","Simulator Vision runtime failed; use K Phone as the primary benchmark environment."
"synthetic_receipt_shadow_fileOnly_004","p09_20260621_223000","receipt","shadow","fileOnly","receipt|document","","required:ocrNeeded|forbidden:screenshot|ocrPriorityScore>=0.2|documentScore > foodScore","requiredTags contains ocrNeeded|ocrPriorityScore >= 0.2","espressoContextError","false","false","false","false","false","","screenshot:0.000|document:0.113|receipt:0.000|businessCard:0.000|sign:0.000|whiteboard:0.000|building:0.000|construction:0.000|ocrPriority:0.101","0.101","Simulator","iPhone","26.3.1","0","55.367","Simulator Vision runtime failed; use K Phone as the primary benchmark environment."
"synthetic_receipt_low_contrast_fileOnly_005","p09_20260621_223000","receipt","low_contrast","fileOnly","receipt|document","","required:ocrNeeded|forbidden:screenshot|ocrPriorityScore>=0.2|documentScore > foodScore","requiredTags contains ocrNeeded|ocrPriorityScore >= 0.2","espressoContextError","false","false","false","false","false","","screenshot:0.000|document:0.113|receipt:0.000|businessCard:0.000|sign:0.000|whiteboard:0.000|building:0.000|construction:0.000|ocrPriority:0.101","0.101","Simulator","iPhone","26.3.1","0","53.899","Simulator Vision runtime failed; use K Phone as the primary benchmark environment."
"synthetic_businessCard_clean_fileOnly_001","p09_20260621_223000","businessCard","clean","fileOnly","businessCard|document","","required:ocrNeeded|forbidden:screenshot|ocrPriorityScore>=0.2|documentScore > landscapeScore","requiredTags contains ocrNeeded|ocrPriorityScore >= 0.2","espressoContextError","false","false","false","false","false","","screenshot:0.000|document:0.113|receipt:0.000|businessCard:0.000|sign:0.000|whiteboard:0.000|building:0.000|construction:0.000|ocrPriority:0.101","0.101","Simulator","iPhone","26.3.1","0","51.660","Simulator Vision runtime failed; use K Phone as the primary benchmark environment."
"synthetic_businessCard_rotated_fileOnly_002","p09_20260621_223000","businessCard","rotated","fileOnly","businessCard|document","","required:ocrNeeded|forbidden:screenshot|ocrPriorityScore>=0.2|documentScore > landscapeScore","requiredTags contains ocrNeeded|ocrPriorityScore >= 0.2","espressoContextError","false","false","false","false","false","","screenshot:0.000|document:0.113|receipt:0.000|businessCard:0.000|sign:0.000|whiteboard:0.000|building:0.000|construction:0.000|ocrPriority:0.101","0.101","Simulator","iPhone","26.3.1","0","134.536","Simulator Vision runtime failed; use K Phone as the primary benchmark environment."
"synthetic_businessCard_blur_fileOnly_003","p09_20260621_223000","businessCard","blur","fileOnly","businessCard|document","","required:ocrNeeded|forbidden:screenshot|ocrPriorityScore>=0.2|documentScore > landscapeScore","requiredTags contains ocrNeeded|ocrPriorityScore >= 0.2","espressoContextError","false","false","false","false","false","","screenshot:0.000|document:0.113|receipt:0.000|businessCard:0.000|sign:0.000|whiteboard:0.000|building:0.000|construction:0.000|ocrPriority:0.101","0.101","Simulator","iPhone","26.3.1","0","45.845","Simulator Vision runtime failed; use K Phone as the primary benchmark environment."
"synthetic_businessCard_shadow_fileOnly_004","p09_20260621_223000","businessCard","shadow","fileOnly","businessCard|document","","required:ocrNeeded|forbidden:screenshot|ocrPriorityScore>=0.2|documentScore > landscapeScore","requiredTags contains ocrNeeded|ocrPriorityScore >= 0.2","espressoContextError","false","false","false","false","false","","screenshot:0.000|document:0.113|receipt:0.000|businessCard:0.000|sign:0.000|whiteboard:0.000|building:0.000|construction:0.000|ocrPriority:0.101","0.101","Simulator","iPhone","26.3.1","0","56.249","Simulator Vision runtime failed; use K Phone as the primary benchmark environment."
"synthetic_businessCard_low_contrast_fileOnly_005","p09_20260621_223000","businessCard","low_contrast","fileOnly","businessCard|document","","required:ocrNeeded|forbidden:screenshot|ocrPriorityScore>=0.2|documentScore > landscapeScore","requiredTags contains ocrNeeded|ocrPriorityScore >= 0.2","espressoContextError","false","false","false","false","false","","screenshot:0.000|document:0.113|receipt:0.000|businessCard:0.000|sign:0.000|whiteboard:0.000|building:0.000|construction:0.000|ocrPriority:0.101","0.101","Simulator","iPhone","26.3.1","0","61.654","Simulator Vision runtime failed; use K Phone as the primary benchmark environment."
"synthetic_document_clean_fileOnly_001","p09_20260621_223000","document","clean","fileOnly","document","","required:ocrNeeded|forbidden:screenshot|documentVisualScore>=0.2|documentScore > foodScore","requiredTags contains ocrNeeded","espressoContextError","false","false","false","false","false","","screenshot:0.000|document:0.113|receipt:0.000|businessCard:0.000|sign:0.000|whiteboard:0.000|building:0.000|construction:0.000|ocrPriority:0.101","0.101","Simulator","iPhone","26.3.1","0","58.708","Simulator Vision runtime failed; use K Phone as the primary benchmark environment."
"synthetic_document_rotated_fileOnly_002","p09_20260621_223000","document","rotated","fileOnly","document","","required:ocrNeeded|forbidden:screenshot|documentVisualScore>=0.2|documentScore > foodScore","requiredTags contains ocrNeeded","espressoContextError","false","false","false","false","false","","screenshot:0.000|document:0.113|receipt:0.000|businessCard:0.000|sign:0.000|whiteboard:0.000|building:0.000|construction:0.000|ocrPriority:0.101","0.101","Simulator","iPhone","26.3.1","0","58.978","Simulator Vision runtime failed; use K Phone as the primary benchmark environment."
"synthetic_document_blur_fileOnly_003","p09_20260621_223000","document","blur","fileOnly","document","","required:ocrNeeded|forbidden:screenshot|documentVisualScore>=0.2|documentScore > foodScore","requiredTags contains ocrNeeded","espressoContextError","false","false","false","false","false","","screenshot:0.000|document:0.113|receipt:0.000|businessCard:0.000|sign:0.000|whiteboard:0.000|building:0.000|construction:0.000|ocrPriority:0.101","0.101","Simulator","iPhone","26.3.1","0","52.437","Simulator Vision runtime failed; use K Phone as the primary benchmark environment."
"synthetic_document_shadow_fileOnly_004","p09_20260621_223000","document","shadow","fileOnly","document","","required:ocrNeeded|forbidden:screenshot|documentVisualScore>=0.2|documentScore > foodScore","requiredTags contains ocrNeeded","espressoContextError","false","false","false","false","false","","screenshot:0.000|document:0.113|receipt:0.000|businessCard:0.000|sign:0.000|whiteboard:0.000|building:0.000|construction:0.000|ocrPriority:0.101","0.101","Simulator","iPhone","26.3.1","0","63.986","Simulator Vision runtime failed; use K Phone as the primary benchmark environment."
"synthetic_document_low_contrast_fileOnly_005","p09_20260621_223000","document","low_contrast","fileOnly","document","","required:ocrNeeded|forbidden:screenshot|documentVisualScore>=0.2|documentScore > foodScore","requiredTags contains ocrNeeded","espressoContextError","false","false","false","false","false","","screenshot:0.000|document:0.113|receipt:0.000|businessCard:0.000|sign:0.000|whiteboard:0.000|building:0.000|construction:0.000|ocrPriority:0.101","0.101","Simulator","iPhone","26.3.1","0","53.620","Simulator Vision runtime failed; use K Phone as the primary benchmark environment."
"synthetic_drawing_clean_fileOnly_001","p09_20260621_223000","drawing","clean","fileOnly","document|ocrNeeded","","required:ocrNeeded|forbidden:screenshot|documentVisualScore>=0.2|documentScore > foodScore","requiredTags contains ocrNeeded","espressoContextError","false","false","false","false","false","","screenshot:0.000|document:0.113|receipt:0.000|businessCard:0.000|sign:0.000|whiteboard:0.000|building:0.000|construction:0.000|ocrPriority:0.101","0.101","Simulator","iPhone","26.3.1","0","51.515","Simulator Vision runtime failed; use K Phone as the primary benchmark environment."
"synthetic_drawing_rotated_fileOnly_002","p09_20260621_223000","drawing","rotated","fileOnly","document|ocrNeeded","","required:ocrNeeded|forbidden:screenshot|documentVisualScore>=0.2|documentScore > foodScore","requiredTags contains ocrNeeded","espressoContextError","false","false","false","false","false","","screenshot:0.000|document:0.113|receipt:0.000|businessCard:0.000|sign:0.000|whiteboard:0.000|building:0.000|construction:0.000|ocrPriority:0.101","0.101","Simulator","iPhone","26.3.1","0","56.914","Simulator Vision runtime failed; use K Phone as the primary benchmark environment."
"synthetic_drawing_blur_fileOnly_003","p09_20260621_223000","drawing","blur","fileOnly","document|ocrNeeded","","required:ocrNeeded|forbidden:screenshot|documentVisualScore>=0.2|documentScore > foodScore","requiredTags contains ocrNeeded","espressoContextError","false","false","false","false","false","","screenshot:0.000|document:0.113|receipt:0.000|businessCard:0.000|sign:0.000|whiteboard:0.000|building:0.000|construction:0.000|ocrPriority:0.101","0.101","Simulator","iPhone","26.3.1","0","50.953","Simulator Vision runtime failed; use K Phone as the primary benchmark environment."
"synthetic_drawing_shadow_fileOnly_004","p09_20260621_223000","drawing","shadow","fileOnly","document|ocrNeeded","","required:ocrNeeded|forbidden:screenshot|documentVisualScore>=0.2|documentScore > foodScore","requiredTags contains ocrNeeded","espressoContextError","false","false","false","false","false","","screenshot:0.000|document:0.113|receipt:0.000|businessCard:0.000|sign:0.000|whiteboard:0.000|building:0.000|construction:0.000|ocrPriority:0.101","0.101","Simulator","iPhone","26.3.1","0","53.085","Simulator Vision runtime failed; use K Phone as the primary benchmark environment."
"synthetic_drawing_low_contrast_fileOnly_005","p09_20260621_223000","drawing","low_contrast","fileOnly","document|ocrNeeded","","required:ocrNeeded|forbidden:screenshot|documentVisualScore>=0.2|documentScore > foodScore","requiredTags contains ocrNeeded","espressoContextError","false","false","false","false","false","","screenshot:0.000|document:0.113|receipt:0.000|businessCard:0.000|sign:0.000|whiteboard:0.000|building:0.000|construction:0.000|ocrPriority:0.101","0.101","Simulator","iPhone","26.3.1","0","69.709","Simulator Vision runtime failed; use K Phone as the primary benchmark environment."
"synthetic_sign_clean_fileOnly_001","p09_20260621_223000","sign","clean","fileOnly","sign|ocrNeeded","","required:ocrNeeded|forbidden:screenshot|ocrPriorityScore>=0.2","requiredTags contains ocrNeeded|ocrPriorityScore >= 0.2","espressoContextError","false","false","false","false","false","","screenshot:0.000|document:0.113|receipt:0.000|businessCard:0.000|sign:0.000|whiteboard:0.000|building:0.000|construction:0.000|ocrPriority:0.101","0.101","Simulator","iPhone","26.3.1","0","60.043","Simulator Vision runtime failed; use K Phone as the primary benchmark environment."
"synthetic_sign_rotated_fileOnly_002","p09_20260621_223000","sign","rotated","fileOnly","sign|ocrNeeded","","required:ocrNeeded|forbidden:screenshot|ocrPriorityScore>=0.2","requiredTags contains ocrNeeded|ocrPriorityScore >= 0.2","espressoContextError","false","false","false","false","false","","screenshot:0.000|document:0.113|receipt:0.000|businessCard:0.000|sign:0.000|whiteboard:0.000|building:0.000|construction:0.000|ocrPriority:0.101","0.101","Simulator","iPhone","26.3.1","0","74.110","Simulator Vision runtime failed; use K Phone as the primary benchmark environment."
"synthetic_sign_blur_fileOnly_003","p09_20260621_223000","sign","blur","fileOnly","sign|ocrNeeded","","required:ocrNeeded|forbidden:screenshot|ocrPriorityScore>=0.2","requiredTags contains ocrNeeded|ocrPriorityScore >= 0.2","espressoContextError","false","false","false","false","false","","screenshot:0.000|document:0.113|receipt:0.000|businessCard:0.000|sign:0.000|whiteboard:0.000|building:0.000|construction:0.000|ocrPriority:0.101","0.101","Simulator","iPhone","26.3.1","0","48.810","Simulator Vision runtime failed; use K Phone as the primary benchmark environment."
"synthetic_sign_shadow_fileOnly_004","p09_20260621_223000","sign","shadow","fileOnly","sign|ocrNeeded","","required:ocrNeeded|forbidden:screenshot|ocrPriorityScore>=0.2","requiredTags contains ocrNeeded|ocrPriorityScore >= 0.2","espressoContextError","false","false","false","false","false","","screenshot:0.000|document:0.113|receipt:0.000|businessCard:0.000|sign:0.000|whiteboard:0.000|building:0.000|construction:0.000|ocrPriority:0.101","0.101","Simulator","iPhone","26.3.1","0","60.338","Simulator Vision runtime failed; use K Phone as the primary benchmark environment."
"synthetic_sign_low_contrast_fileOnly_005","p09_20260621_223000","sign","low_contrast","fileOnly","sign|ocrNeeded","","required:ocrNeeded|forbidden:screenshot|ocrPriorityScore>=0.2","requiredTags contains ocrNeeded|ocrPriorityScore >= 0.2","espressoContextError","false","false","false","false","false","","screenshot:0.000|document:0.113|receipt:0.000|businessCard:0.000|sign:0.000|whiteboard:0.000|building:0.000|construction:0.000|ocrPriority:0.101","0.101","Simulator","iPhone","26.3.1","0","57.253","Simulator Vision runtime failed; use K Phone as the primary benchmark environment."
"synthetic_whiteboard_clean_fileOnly_001","p09_20260621_223000","whiteboard","clean","fileOnly","whiteboard|ocrNeeded","","required:ocrNeeded|forbidden:screenshot|ocrPriorityScore>=0.2","requiredTags contains ocrNeeded|ocrPriorityScore >= 0.2","espressoContextError","false","false","false","false","false","","screenshot:0.000|document:0.113|receipt:0.000|businessCard:0.000|sign:0.000|whiteboard:0.000|building:0.000|construction:0.000|ocrPriority:0.101","0.101","Simulator","iPhone","26.3.1","0","58.389","Simulator Vision runtime failed; use K Phone as the primary benchmark environment."
"synthetic_whiteboard_rotated_fileOnly_002","p09_20260621_223000","whiteboard","rotated","fileOnly","whiteboard|ocrNeeded","","required:ocrNeeded|forbidden:screenshot|ocrPriorityScore>=0.2","requiredTags contains ocrNeeded|ocrPriorityScore >= 0.2","espressoContextError","false","false","false","false","false","","screenshot:0.000|document:0.113|receipt:0.000|businessCard:0.000|sign:0.000|whiteboard:0.000|building:0.000|construction:0.000|ocrPriority:0.101","0.101","Simulator","iPhone","26.3.1","0","64.005","Simulator Vision runtime failed; use K Phone as the primary benchmark environment."
"synthetic_whiteboard_blur_fileOnly_003","p09_20260621_223000","whiteboard","blur","fileOnly","whiteboard|ocrNeeded","","required:ocrNeeded|forbidden:screenshot|ocrPriorityScore>=0.2","requiredTags contains ocrNeeded|ocrPriorityScore >= 0.2","espressoContextError","false","false","false","false","false","","screenshot:0.000|document:0.113|receipt:0.000|businessCard:0.000|sign:0.000|whiteboard:0.000|building:0.000|construction:0.000|ocrPriority:0.101","0.101","Simulator","iPhone","26.3.1","0","47.493","Simulator Vision runtime failed; use K Phone as the primary benchmark environment."
"synthetic_whiteboard_shadow_fileOnly_004","p09_20260621_223000","whiteboard","shadow","fileOnly","whiteboard|ocrNeeded","","required:ocrNeeded|forbidden:screenshot|ocrPriorityScore>=0.2","requiredTags contains ocrNeeded|ocrPriorityScore >= 0.2","espressoContextError","false","false","false","false","false","","screenshot:0.000|document:0.113|receipt:0.000|businessCard:0.000|sign:0.000|whiteboard:0.000|building:0.000|construction:0.000|ocrPriority:0.101","0.101","Simulator","iPhone","26.3.1","0","66.941","Simulator Vision runtime failed; use K Phone as the primary benchmark environment."
"synthetic_whiteboard_low_contrast_fileOnly_005","p09_20260621_223000","whiteboard","low_contrast","fileOnly","whiteboard|ocrNeeded","","required:ocrNeeded|forbidden:screenshot|ocrPriorityScore>=0.2","requiredTags contains ocrNeeded|ocrPriorityScore >= 0.2","espressoContextError","false","false","false","false","false","","screenshot:0.000|document:0.113|receipt:0.000|businessCard:0.000|sign:0.000|whiteboard:0.000|building:0.000|construction:0.000|ocrPriority:0.101","0.101","Simulator","iPhone","26.3.1","0","74.946","Simulator Vision runtime failed; use K Phone as the primary benchmark environment."
"synthetic_chatScreenshot_clean_metadataAware_001","p09_20260621_223000","chatScreenshot","clean","metadataAware","screenshot|ocrNeeded","screenshot|ocrNeeded","required:screenshot|required:ocrNeeded|forbidden:receipt|ocrPriorityScore>=0.8|screenshotScore > documentScore","","pass","true","true","true","true","true","","screenshot:1.000|document:0.000|receipt:0.000|businessCard:0.000|sign:0.000|whiteboard:0.000|building:0.000|construction:0.000|ocrPriority:0.850","0.850","Simulator","iPhone","26.3.1","0","0.127","No P0.10 action required."
"synthetic_chatScreenshot_clean_imageOnly_001","p09_20260621_223000","chatScreenshot","clean","imageOnly","screenshot|ocrNeeded","","required:ocrNeeded|forbidden:receipt|ocrPriorityScore>=0.2","requiredTags contains ocrNeeded|ocrPriorityScore >= 0.2","espressoContextError","false","false","false","false","false","","screenshot:0.000|document:0.113|receipt:0.000|businessCard:0.000|sign:0.000|whiteboard:0.000|building:0.000|construction:0.000|ocrPriority:0.101","0.101","Simulator","iPhone","26.3.1","0","49.655","Simulator Vision runtime failed; use K Phone as the primary benchmark environment."
"synthetic_chatScreenshot_rotated_metadataAware_002","p09_20260621_223000","chatScreenshot","rotated","metadataAware","screenshot|ocrNeeded","screenshot|ocrNeeded","required:screenshot|required:ocrNeeded|forbidden:receipt|ocrPriorityScore>=0.8|screenshotScore > documentScore","","pass","true","true","true","true","true","","screenshot:1.000|document:0.000|receipt:0.000|businessCard:0.000|sign:0.000|whiteboard:0.000|building:0.000|construction:0.000|ocrPriority:0.850","0.850","Simulator","iPhone","26.3.1","0","0.120","No P0.10 action required."
"synthetic_chatScreenshot_rotated_imageOnly_002","p09_20260621_223000","chatScreenshot","rotated","imageOnly","screenshot|ocrNeeded","","required:ocrNeeded|forbidden:receipt|ocrPriorityScore>=0.2","requiredTags contains ocrNeeded|ocrPriorityScore >= 0.2","espressoContextError","false","false","false","false","false","","screenshot:0.000|document:0.113|receipt:0.000|businessCard:0.000|sign:0.000|whiteboard:0.000|building:0.000|construction:0.000|ocrPriority:0.101","0.101","Simulator","iPhone","26.3.1","0","54.000","Simulator Vision runtime failed; use K Phone as the primary benchmark environment."
"synthetic_chatScreenshot_blur_metadataAware_003","p09_20260621_223000","chatScreenshot","blur","metadataAware","screenshot|ocrNeeded","screenshot|ocrNeeded","required:screenshot|required:ocrNeeded|forbidden:receipt|ocrPriorityScore>=0.8|screenshotScore > documentScore","","pass","true","true","true","true","true","","screenshot:1.000|document:0.000|receipt:0.000|businessCard:0.000|sign:0.000|whiteboard:0.000|building:0.000|construction:0.000|ocrPriority:0.850","0.850","Simulator","iPhone","26.3.1","0","0.116","No P0.10 action required."
"synthetic_chatScreenshot_blur_imageOnly_003","p09_20260621_223000","chatScreenshot","blur","imageOnly","screenshot|ocrNeeded","","required:ocrNeeded|forbidden:receipt|ocrPriorityScore>=0.2","requiredTags contains ocrNeeded|ocrPriorityScore >= 0.2","espressoContextError","false","false","false","false","false","","screenshot:0.000|document:0.113|receipt:0.000|businessCard:0.000|sign:0.000|whiteboard:0.000|building:0.000|construction:0.000|ocrPriority:0.101","0.101","Simulator","iPhone","26.3.1","0","47.171","Simulator Vision runtime failed; use K Phone as the primary benchmark environment."
"synthetic_chatScreenshot_shadow_metadataAware_004","p09_20260621_223000","chatScreenshot","shadow","metadataAware","screenshot|ocrNeeded","screenshot|ocrNeeded","required:screenshot|required:ocrNeeded|forbidden:receipt|ocrPriorityScore>=0.8|screenshotScore > documentScore","","pass","true","true","true","true","true","","screenshot:1.000|document:0.000|receipt:0.000|businessCard:0.000|sign:0.000|whiteboard:0.000|building:0.000|construction:0.000|ocrPriority:0.850","0.850","Simulator","iPhone","26.3.1","0","0.116","No P0.10 action required."
"synthetic_chatScreenshot_shadow_imageOnly_004","p09_20260621_223000","chatScreenshot","shadow","imageOnly","screenshot|ocrNeeded","","required:ocrNeeded|forbidden:receipt|ocrPriorityScore>=0.2","requiredTags contains ocrNeeded|ocrPriorityScore >= 0.2","espressoContextError","false","false","false","false","false","","screenshot:0.000|document:0.113|receipt:0.000|businessCard:0.000|sign:0.000|whiteboard:0.000|building:0.000|construction:0.000|ocrPriority:0.101","0.101","Simulator","iPhone","26.3.1","0","59.990","Simulator Vision runtime failed; use K Phone as the primary benchmark environment."
"synthetic_chatScreenshot_low_contrast_metadataAware_005","p09_20260621_223000","chatScreenshot","low_contrast","metadataAware","screenshot|ocrNeeded","screenshot|ocrNeeded","required:screenshot|required:ocrNeeded|forbidden:receipt|ocrPriorityScore>=0.8|screenshotScore > documentScore","","pass","true","true","true","true","true","","screenshot:1.000|document:0.000|receipt:0.000|businessCard:0.000|sign:0.000|whiteboard:0.000|building:0.000|construction:0.000|ocrPriority:0.850","0.850","Simulator","iPhone","26.3.1","0","0.150","No P0.10 action required."
"synthetic_chatScreenshot_low_contrast_imageOnly_005","p09_20260621_223000","chatScreenshot","low_contrast","imageOnly","screenshot|ocrNeeded","","required:ocrNeeded|forbidden:receipt|ocrPriorityScore>=0.2","requiredTags contains ocrNeeded|ocrPriorityScore >= 0.2","espressoContextError","false","false","false","false","false","","screenshot:0.000|document:0.113|receipt:0.000|businessCard:0.000|sign:0.000|whiteboard:0.000|building:0.000|construction:0.000|ocrPriority:0.101","0.101","Simulator","iPhone","26.3.1","0","52.962","Simulator Vision runtime failed; use K Phone as the primary benchmark environment."
"synthetic_appScreenshot_clean_metadataAware_001","p09_20260621_223000","appScreenshot","clean","metadataAware","screenshot|ocrNeeded","screenshot|ocrNeeded","required:screenshot|required:ocrNeeded|forbidden:receipt|ocrPriorityScore>=0.8|screenshotScore > documentScore","","pass","true","true","true","true","true","","screenshot:1.000|document:0.000|receipt:0.000|businessCard:0.000|sign:0.000|whiteboard:0.000|building:0.000|construction:0.000|ocrPriority:0.850","0.850","Simulator","iPhone","26.3.1","0","0.122","No P0.10 action required."
"synthetic_appScreenshot_clean_imageOnly_001","p09_20260621_223000","appScreenshot","clean","imageOnly","screenshot|ocrNeeded","","required:ocrNeeded|forbidden:receipt|ocrPriorityScore>=0.2","requiredTags contains ocrNeeded|ocrPriorityScore >= 0.2","espressoContextError","false","false","false","false","false","","screenshot:0.000|document:0.113|receipt:0.000|businessCard:0.000|sign:0.000|whiteboard:0.000|building:0.000|construction:0.000|ocrPriority:0.101","0.101","Simulator","iPhone","26.3.1","0","51.965","Simulator Vision runtime failed; use K Phone as the primary benchmark environment."
"synthetic_appScreenshot_rotated_metadataAware_002","p09_20260621_223000","appScreenshot","rotated","metadataAware","screenshot|ocrNeeded","screenshot|ocrNeeded","required:screenshot|required:ocrNeeded|forbidden:receipt|ocrPriorityScore>=0.8|screenshotScore > documentScore","","pass","true","true","true","true","true","","screenshot:1.000|document:0.000|receipt:0.000|businessCard:0.000|sign:0.000|whiteboard:0.000|building:0.000|construction:0.000|ocrPriority:0.850","0.850","Simulator","iPhone","26.3.1","0","0.133","No P0.10 action required."
"synthetic_appScreenshot_rotated_imageOnly_002","p09_20260621_223000","appScreenshot","rotated","imageOnly","screenshot|ocrNeeded","","required:ocrNeeded|forbidden:receipt|ocrPriorityScore>=0.2","requiredTags contains ocrNeeded|ocrPriorityScore >= 0.2","espressoContextError","false","false","false","false","false","","screenshot:0.000|document:0.113|receipt:0.000|businessCard:0.000|sign:0.000|whiteboard:0.000|building:0.000|construction:0.000|ocrPriority:0.101","0.101","Simulator","iPhone","26.3.1","0","54.864","Simulator Vision runtime failed; use K Phone as the primary benchmark environment."
"synthetic_appScreenshot_blur_metadataAware_003","p09_20260621_223000","appScreenshot","blur","metadataAware","screenshot|ocrNeeded","screenshot|ocrNeeded","required:screenshot|required:ocrNeeded|forbidden:receipt|ocrPriorityScore>=0.8|screenshotScore > documentScore","","pass","true","true","true","true","true","","screenshot:1.000|document:0.000|receipt:0.000|businessCard:0.000|sign:0.000|whiteboard:0.000|building:0.000|construction:0.000|ocrPriority:0.850","0.850","Simulator","iPhone","26.3.1","0","0.116","No P0.10 action required."
"synthetic_appScreenshot_blur_imageOnly_003","p09_20260621_223000","appScreenshot","blur","imageOnly","screenshot|ocrNeeded","","required:ocrNeeded|forbidden:receipt|ocrPriorityScore>=0.2","requiredTags contains ocrNeeded|ocrPriorityScore >= 0.2","espressoContextError","false","false","false","false","false","","screenshot:0.000|document:0.113|receipt:0.000|businessCard:0.000|sign:0.000|whiteboard:0.000|building:0.000|construction:0.000|ocrPriority:0.101","0.101","Simulator","iPhone","26.3.1","0","46.942","Simulator Vision runtime failed; use K Phone as the primary benchmark environment."
"synthetic_appScreenshot_shadow_metadataAware_004","p09_20260621_223000","appScreenshot","shadow","metadataAware","screenshot|ocrNeeded","screenshot|ocrNeeded","required:screenshot|required:ocrNeeded|forbidden:receipt|ocrPriorityScore>=0.8|screenshotScore > documentScore","","pass","true","true","true","true","true","","screenshot:1.000|document:0.000|receipt:0.000|businessCard:0.000|sign:0.000|whiteboard:0.000|building:0.000|construction:0.000|ocrPriority:0.850","0.850","Simulator","iPhone","26.3.1","0","0.115","No P0.10 action required."
"synthetic_appScreenshot_shadow_imageOnly_004","p09_20260621_223000","appScreenshot","shadow","imageOnly","screenshot|ocrNeeded","","required:ocrNeeded|forbidden:receipt|ocrPriorityScore>=0.2","requiredTags contains ocrNeeded|ocrPriorityScore >= 0.2","espressoContextError","false","false","false","false","false","","screenshot:0.000|document:0.113|receipt:0.000|businessCard:0.000|sign:0.000|whiteboard:0.000|building:0.000|construction:0.000|ocrPriority:0.101","0.101","Simulator","iPhone","26.3.1","0","53.617","Simulator Vision runtime failed; use K Phone as the primary benchmark environment."
"synthetic_appScreenshot_low_contrast_metadataAware_005","p09_20260621_223000","appScreenshot","low_contrast","metadataAware","screenshot|ocrNeeded","screenshot|ocrNeeded","required:screenshot|required:ocrNeeded|forbidden:receipt|ocrPriorityScore>=0.8|screenshotScore > documentScore","","pass","true","true","true","true","true","","screenshot:1.000|document:0.000|receipt:0.000|businessCard:0.000|sign:0.000|whiteboard:0.000|building:0.000|construction:0.000|ocrPriority:0.850","0.850","Simulator","iPhone","26.3.1","0","0.114","No P0.10 action required."
"synthetic_appScreenshot_low_contrast_imageOnly_005","p09_20260621_223000","appScreenshot","low_contrast","imageOnly","screenshot|ocrNeeded","","required:ocrNeeded|forbidden:receipt|ocrPriorityScore>=0.2","requiredTags contains ocrNeeded|ocrPriorityScore >= 0.2","espressoContextError","false","false","false","false","false","","screenshot:0.000|document:0.113|receipt:0.000|businessCard:0.000|sign:0.000|whiteboard:0.000|building:0.000|construction:0.000|ocrPriority:0.101","0.101","Simulator","iPhone","26.3.1","0","54.296","Simulator Vision runtime failed; use K Phone as the primary benchmark environment."
"synthetic_buildingLike_clean_fileOnly_001","p09_20260621_223000","buildingLike","clean","fileOnly","buildingLike","","forbidden:screenshot","","espressoContextError","false","false","false","n/a","false","","screenshot:0.000|document:0.113|receipt:0.000|businessCard:0.000|sign:0.000|whiteboard:0.000|building:0.000|construction:0.000|ocrPriority:0.101","0.101","Simulator","iPhone","26.3.1","0","55.122","Simulator Vision runtime failed; use K Phone as the primary benchmark environment."
"synthetic_buildingLike_rotated_fileOnly_002","p09_20260621_223000","buildingLike","rotated","fileOnly","buildingLike","","forbidden:screenshot","","espressoContextError","false","false","false","n/a","false","","screenshot:0.000|document:0.113|receipt:0.000|businessCard:0.000|sign:0.000|whiteboard:0.000|building:0.000|construction:0.000|ocrPriority:0.101","0.101","Simulator","iPhone","26.3.1","0","58.403","Simulator Vision runtime failed; use K Phone as the primary benchmark environment."
"synthetic_buildingLike_blur_fileOnly_003","p09_20260621_223000","buildingLike","blur","fileOnly","buildingLike","","forbidden:screenshot","","espressoContextError","false","false","false","n/a","false","","screenshot:0.000|document:0.113|receipt:0.000|businessCard:0.000|sign:0.000|whiteboard:0.000|building:0.000|construction:0.000|ocrPriority:0.101","0.101","Simulator","iPhone","26.3.1","0","45.761","Simulator Vision runtime failed; use K Phone as the primary benchmark environment."
"synthetic_constructionLike_clean_fileOnly_001","p09_20260621_223000","constructionLike","clean","fileOnly","constructionLike","","forbidden:screenshot","","espressoContextError","false","false","false","n/a","false","","screenshot:0.000|document:0.113|receipt:0.000|businessCard:0.000|sign:0.000|whiteboard:0.000|building:0.000|construction:0.000|ocrPriority:0.101","0.101","Simulator","iPhone","26.3.1","0","48.837","Simulator Vision runtime failed; use K Phone as the primary benchmark environment."
"synthetic_constructionLike_rotated_fileOnly_002","p09_20260621_223000","constructionLike","rotated","fileOnly","constructionLike","","forbidden:screenshot","","espressoContextError","false","false","false","n/a","false","","screenshot:0.000|document:0.113|receipt:0.000|businessCard:0.000|sign:0.000|whiteboard:0.000|building:0.000|construction:0.000|ocrPriority:0.101","0.101","Simulator","iPhone","26.3.1","0","60.075","Simulator Vision runtime failed; use K Phone as the primary benchmark environment."
"synthetic_constructionLike_blur_fileOnly_003","p09_20260621_223000","constructionLike","blur","fileOnly","constructionLike","","forbidden:screenshot","","espressoContextError","false","false","false","n/a","false","","screenshot:0.000|document:0.113|receipt:0.000|businessCard:0.000|sign:0.000|whiteboard:0.000|building:0.000|construction:0.000|ocrPriority:0.101","0.101","Simulator","iPhone","26.3.1","0","50.012","Simulator Vision runtime failed; use K Phone as the primary benchmark environment."
